case,kind,dataset,mode,candidate_wall_median,candidate_wall_min,candidate_wall_max,baseline_wall_median,baseline_wall_min,baseline_wall_max,speedup,runtime_change_percent,candidate_cpu_median,baseline_cpu_median,cpu_change_percent,candidate_peak_rss_median,baseline_peak_rss_median,peak_rss_change_percent,threshold,effective_threads,output_sha256,keep_positions_sha256,trim_positions_sha256,classification_sha256,gappyness_sha256
core_api_path_kpi_gappy_dense_aa,api_path,generated_dense_aa,kpi_gappy,0.0179104576818645,0.013775333296507597,0.025599582586437464,0.030465083196759224,0.023092708084732294,0.050799665972590446,1.7009662029802342,-41.20988422651097,0.06423400000000012,0.22850199999999998,-71.8890863099666,87785472,93732864,-6.345044572627168,0.9,1,a64cb9091bc955205821d4535704001b3ca10f3cc822bc13b25b11bb2e2e7da2,a3d44437f284b46e5d827df6101e63efe16f752040ad67db809c061bc367bde5,e3b0c44298fc1c149afbf4c8996fb92427ae41e4649b934ca495991b7852b855,63d490e734682f2c4bef8b539a101c440b139aa8a88f8164ca1fd79255b2e94c,64d3a29828d9b545e16ea4f814a662d32032572081be304b26eed59b19ac665e
core_api_raw_kpic_smart_gap_small_aa,api_raw,small_aa,kpic_smart_gap,0.012500750366598368,0.003828749991953373,0.015656749717891216,0.0035635833628475666,0.0033632502891123295,0.006825916934758425,0.28506955649393295,250.79157953553087,0.02443200000000001,0.021270999999999818,14.860608339994453,63766528,63832064,-0.10266940451745254,0.8803,1,36ab1f371ef62382ed8414f39bedc2297bc4cb28dcfc244493cce9dad8b04162,e116730a398db3950f0396df4a620c14dacd0d483233a9f60e888120d3cb394f,b9b91053543523cda1992c0331d0af0b13b30014f55d53eae850ca7be4756a8d,912adff37ea43436b92a18dd2d0a982fb7121dc8eb4a78dff9fd9dd66bf42ceb,a89cd7e8b31b73c964baec39e733a01d0cfcf7b70175c02ea43717e5ad73fc86
core_cli_kpic_gappy_small_aa,cli,small_aa,kpic_gappy,0.2740507088601589,0.2550900001078844,0.3124896250665188,0.27225141739472747,0.23814258398488164,0.2778625418432057,0.9934344579041042,0.6608933325855659,1.508872,1.48154,1.8448371289333965,59834368,59981824,-0.24583447145588577,,1,1fd02fdd4988cddb7d46c53506ac46399e3e056a99dc18dcfbc68b64ce69fef5,,,,
core_cli_smart_gap_medium_nt,cli,medium_nt,smart_gap,0.29137404216453433,0.28008908312767744,0.31670383270829916,0.27012395905330777,0.25370929203927517,0.3029957078397274,0.9270694020875512,7.866789449444189,1.589856,1.544403,2.9430789761480725,62521344,61325312,1.9503072401816812,,1,936116003a5006cca83ad016d6991d7e6bdee6748008e4a55d70872a6e8d7e6e,,,,
core_generated_dense_aa_gappy_algorithm,algorithm,generated_dense_aa,gappy,0.011933332774788141,0.008443375118076801,0.017925084102898836,0.016101958230137825,0.013625958934426308,0.02114533307030797,1.3493261718266036,-25.888934723152623,0.08145100000000016,0.10429599999999994,-21.904003988647503,83607552,87900160,-4.88350419384902,0.9,1,b71ff5ee2f534a1e2073e1f53daadd61904dfc1fca84d46a5034dc6c8abe8c99,a3d44437f284b46e5d827df6101e63efe16f752040ad67db809c061bc367bde5,e3b0c44298fc1c149afbf4c8996fb92427ae41e4649b934ca495991b7852b855,,64d3a29828d9b545e16ea4f814a662d32032572081be304b26eed59b19ac665e
core_generated_dense_aa_kpi_algorithm,algorithm,generated_dense_aa,kpi,0.013799790758639574,0.008282417431473732,0.020425125025212765,0.013237624894827604,0.008861458394676447,0.0151722920127213,0.959262725526471,4.24672755330624,0.06792500000000001,0.08744699999999983,-22.324379338341917,80314368,84688896,-5.1654091700522375,0.9,1,b71ff5ee2f534a1e2073e1f53daadd61904dfc1fca84d46a5034dc6c8abe8c99,a3d44437f284b46e5d827df6101e63efe16f752040ad67db809c061bc367bde5,e3b0c44298fc1c149afbf4c8996fb92427ae41e4649b934ca495991b7852b855,63d490e734682f2c4bef8b539a101c440b139aa8a88f8164ca1fd79255b2e94c,
core_generated_dense_aa_kpi_gappy_algorithm,algorithm,generated_dense_aa,kpi_gappy,0.012171042151749134,0.00820850022137165,0.01458066701889038,0.030675082933157682,0.015545416623353958,0.0377119998447597,2.520333308413469,-60.32270824411346,0.079596,0.1542159999999999,-48.38667842506611,84672512,92307456,-8.271210507632231,0.9,1,b71ff5ee2f534a1e2073e1f53daadd61904dfc1fca84d46a5034dc6c8abe8c99,a3d44437f284b46e5d827df6101e63efe16f752040ad67db809c061bc367bde5,e3b0c44298fc1c149afbf4c8996fb92427ae41e4649b934ca495991b7852b855,63d490e734682f2c4bef8b539a101c440b139aa8a88f8164ca1fd79255b2e94c,64d3a29828d9b545e16ea4f814a662d32032572081be304b26eed59b19ac665e
core_generated_dense_aa_kpi_smart_gap_algorithm,algorithm,generated_dense_aa,kpi_smart_gap,0.012864083983004093,0.0086517920717597,0.021634708158671856,0.02148933382704854,0.020202582702040672,0.029665874782949686,1.6704907909059088,-40.137353318918976,0.08112199999999992,0.15800199999999998,-48.65761192896297,83984384,93650944,-10.321903428971313,0.0521,1,bc31a9461640feda4dcf2bed8d492eefaef0202033719fceb2aee65ba3c37a29,82bb79b512b1a16012f579cdc0509f82a62689fd5e10d196cd04940b2e082e99,36b245adbc763573ad6afe2255d98af198eb857f8087a649ce99102475a67f58,63d490e734682f2c4bef8b539a101c440b139aa8a88f8164ca1fd79255b2e94c,64d3a29828d9b545e16ea4f814a662d32032572081be304b26eed59b19ac665e
core_generated_dense_aa_kpic_algorithm,algorithm,generated_dense_aa,kpic,0.011852874886244535,0.008202125318348408,0.01892320904880762,0.015440625138580799,0.008979958016425371,0.01925966702401638,1.3026902997600953,-23.235783656010877,0.10122000000000009,0.08100799999999997,24.950622160774394,87195648,87080960,0.13170272812794703,0.9,1,b71ff5ee2f534a1e2073e1f53daadd61904dfc1fca84d46a5034dc6c8abe8c99,a3d44437f284b46e5d827df6101e63efe16f752040ad67db809c061bc367bde5,e3b0c44298fc1c149afbf4c8996fb92427ae41e4649b934ca495991b7852b855,63d490e734682f2c4bef8b539a101c440b139aa8a88f8164ca1fd79255b2e94c,
core_generated_dense_aa_kpic_gappy_algorithm,algorithm,generated_dense_aa,kpic_gappy,0.010089832823723555,0.008438833057880402,0.01943854195997119,0.02476366702467203,0.015372749883681536,0.031236249953508377,2.454318863088283,-59.25549792899791,0.060751,0.1617439999999999,-62.44002868730831,81297408,93175808,-12.748373483383158,0.9,1,b71ff5ee2f534a1e2073e1f53daadd61904dfc1fca84d46a5034dc6c8abe8c99,a3d44437f284b46e5d827df6101e63efe16f752040ad67db809c061bc367bde5,e3b0c44298fc1c149afbf4c8996fb92427ae41e4649b934ca495991b7852b855,63d490e734682f2c4bef8b539a101c440b139aa8a88f8164ca1fd79255b2e94c,64d3a29828d9b545e16ea4f814a662d32032572081be304b26eed59b19ac665e
core_generated_dense_aa_kpic_smart_gap_algorithm,algorithm,generated_dense_aa,kpic_smart_gap,0.01389158284291625,0.008915874641388655,0.02509887469932437,0.026822667103260756,0.016312625259160995,0.044544041622430086,1.9308575132558394,-48.20953938160948,0.09968900000000014,0.18160500000000002,-45.10668759120061,80871424,96387072,-16.097229304776473,0.0521,1,15dea4ffb15def8366f5259f760338fe57e4c93165da493e6fc647a24a441cbc,c7cd75c0f1b5b973ad96d08073edbbdb71c8e06ab85179930d4c41cc751297c7,a752aaf6eb315b775fca6b44f610bd8ae77526dcdb5a8a78e99d1d9c23167302,63d490e734682f2c4bef8b539a101c440b139aa8a88f8164ca1fd79255b2e94c,64d3a29828d9b545e16ea4f814a662d32032572081be304b26eed59b19ac665e
core_generated_dense_aa_kpic_smart_gap_threads_4_algorithm,algorithm,generated_dense_aa,kpic_smart_gap,0.01726116705685854,0.015016540884971619,0.03015812486410141,0.02666404191404581,0.018881290685385466,0.035720125306397676,1.5447415476725335,-35.26425171209367,0.11735999999999991,0.16427400000000003,-28.558384163044735,84672512,93405184,-9.349236975969133,0.0521,1,15dea4ffb15def8366f5259f760338fe57e4c93165da493e6fc647a24a441cbc,c7cd75c0f1b5b973ad96d08073edbbdb71c8e06ab85179930d4c41cc751297c7,a752aaf6eb315b775fca6b44f610bd8ae77526dcdb5a8a78e99d1d9c23167302,63d490e734682f2c4bef8b539a101c440b139aa8a88f8164ca1fd79255b2e94c,64d3a29828d9b545e16ea4f814a662d32032572081be304b26eed59b19ac665e
core_generated_dense_aa_smart_gap_algorithm,algorithm,generated_dense_aa,smart_gap,0.00889837509021163,0.00829783407971263,0.016904250252991915,0.014263083692640066,0.012984999921172857,0.01544070802628994,1.6028863189111584,-37.61254380913922,0.06352899999999995,0.09941600000000017,-36.097811217510426,87523328,87670784,-0.1681928611474537,0.0521,1,15dea4ffb15def8366f5259f760338fe57e4c93165da493e6fc647a24a441cbc,c7cd75c0f1b5b973ad96d08073edbbdb71c8e06ab85179930d4c41cc751297c7,a752aaf6eb315b775fca6b44f610bd8ae77526dcdb5a8a78e99d1d9c23167302,,64d3a29828d9b545e16ea4f814a662d32032572081be304b26eed59b19ac665e
core_generated_dense_aa_smart_gap_threads_4_algorithm,algorithm,generated_dense_aa,smart_gap,0.009006417356431484,0.008178458083420992,0.026970792096108198,0.009054707828909159,0.008918209001421928,0.02447120798751712,1.0053617848881042,-0.5333189473380573,0.05490399999999984,0.071604,-23.322719401150994,80773120,80740352,0.040584415584410394,0.0521,4,15dea4ffb15def8366f5259f760338fe57e4c93165da493e6fc647a24a441cbc,c7cd75c0f1b5b973ad96d08073edbbdb71c8e06ab85179930d4c41cc751297c7,a752aaf6eb315b775fca6b44f610bd8ae77526dcdb5a8a78e99d1d9c23167302,,64d3a29828d9b545e16ea4f814a662d32032572081be304b26eed59b19ac665e
core_generated_dense_nt_gappy_algorithm,algorithm,generated_dense_nt,gappy,0.033482249826192856,0.019385834224522114,0.04224708303809166,0.03992516687139869,0.022502500098198652,0.06334954127669334,1.192427840979957,-16.13748307166466,0.21013100000000007,0.23448800000000003,-10.38731193067447,112148480,115818496,-3.1687650304144888,0.9,1,631efebbaa7164ce1e0f816ddb03c78a54664b953c2ea8e2da15ded6fd6e0511,205e3c9fc70045854739417b3df65f19bd02744fd00d6e0c5e4d96f149083c73,e3b0c44298fc1c149afbf4c8996fb92427ae41e4649b934ca495991b7852b855,,416c8380a3d54c97a54bf7222b753a3db31496bc60630e6bc3bc62b63d61a6e2
core_generated_dense_nt_kpi_algorithm,algorithm,generated_dense_nt,kpi,0.03159170877188444,0.024926249869167805,0.03461929224431515,0.04093679180368781,0.03103912528604269,0.06194704119116068,1.2958080900049376,-22.828078655058437,0.2015229999999999,0.2731450000000002,-26.22123780409682,112197632,110936064,1.1372027765470305,0.9,1,631efebbaa7164ce1e0f816ddb03c78a54664b953c2ea8e2da15ded6fd6e0511,205e3c9fc70045854739417b3df65f19bd02744fd00d6e0c5e4d96f149083c73,e3b0c44298fc1c149afbf4c8996fb92427ae41e4649b934ca495991b7852b855,b99424ad2054906f8a917fefebfdc3ad91ba949873e96ba8c9750a815fa81719,
core_generated_dense_nt_kpi_gappy_algorithm,algorithm,generated_dense_nt,kpi_gappy,0.022301833145320415,0.02007187530398369,0.02557745762169361,0.04895933298394084,0.03948274999856949,0.05895179184153676,2.1953053215364924,-54.44824962661227,0.138911,0.34932699999999994,-60.2346798272106,112410624,124043264,-9.377889314489495,0.9,1,631efebbaa7164ce1e0f816ddb03c78a54664b953c2ea8e2da15ded6fd6e0511,205e3c9fc70045854739417b3df65f19bd02744fd00d6e0c5e4d96f149083c73,e3b0c44298fc1c149afbf4c8996fb92427ae41e4649b934ca495991b7852b855,b99424ad2054906f8a917fefebfdc3ad91ba949873e96ba8c9750a815fa81719,416c8380a3d54c97a54bf7222b753a3db31496bc60630e6bc3bc62b63d61a6e2
core_generated_dense_nt_kpi_smart_gap_algorithm,algorithm,generated_dense_nt,kpi_smart_gap,0.021055040881037712,0.01997804082930088,0.03440945828333497,0.060015249997377396,0.05366325005888939,0.06298687495291233,2.8503981700376304,-64.9171820796251,0.1129690000000001,0.3879670000000002,-70.88180180273062,106921984,130039808,-17.7774977951367,0.0508,1,ce6417f9ae7ab1a4b766593358c2649be7d17ee12b9777b8714c592180e72e59,03c26e711773e0750b07ed18609bd0decd087e143677cecee79fdad3545857b6,c6d6cfc049f94773758e752cd705bb1afbc0f7389008971225f24fbd7d432b93,b99424ad2054906f8a917fefebfdc3ad91ba949873e96ba8c9750a815fa81719,416c8380a3d54c97a54bf7222b753a3db31496bc60630e6bc3bc62b63d61a6e2
core_generated_dense_nt_kpic_algorithm,algorithm,generated_dense_nt,kpic,0.0284319999627769,0.019019915722310543,0.033930459059774876,0.026229667011648417,0.02071950025856495,0.03840412478893995,0.9225403434857987,8.39634353783616,0.1898629999999999,0.18052500000000005,5.172690763052112,115294208,102400000,12.592000000000002,0.9,1,631efebbaa7164ce1e0f816ddb03c78a54664b953c2ea8e2da15ded6fd6e0511,205e3c9fc70045854739417b3df65f19bd02744fd00d6e0c5e4d96f149083c73,e3b0c44298fc1c149afbf4c8996fb92427ae41e4649b934ca495991b7852b855,b99424ad2054906f8a917fefebfdc3ad91ba949873e96ba8c9750a815fa81719,
core_generated_dense_nt_kpic_gappy_algorithm,algorithm,generated_dense_nt,kpic_gappy,0.028713583946228027,0.021982125006616116,0.0662690419703722,0.04940566699951887,0.04776441678404808,0.06201608292758465,1.7206374199765846,-41.88200323961288,0.1855929999999999,0.32045199999999996,-42.08399385867465,104071168,123371520,-15.644090305444891,0.9,1,631efebbaa7164ce1e0f816ddb03c78a54664b953c2ea8e2da15ded6fd6e0511,205e3c9fc70045854739417b3df65f19bd02744fd00d6e0c5e4d96f149083c73,e3b0c44298fc1c149afbf4c8996fb92427ae41e4649b934ca495991b7852b855,b99424ad2054906f8a917fefebfdc3ad91ba949873e96ba8c9750a815fa81719,416c8380a3d54c97a54bf7222b753a3db31496bc60630e6bc3bc62b63d61a6e2
core_generated_dense_nt_kpic_smart_gap_algorithm,algorithm,generated_dense_nt,kpic_smart_gap,0.024087124969810247,0.022219541016966105,0.030481332913041115,0.05532183405011892,0.03639254113659263,0.05787529097869992,2.2967387813803803,-56.4600028480826,0.13630600000000004,0.3363639999999999,-59.47663840363413,110641152,124846080,-11.377952755905508,0.0508,1,c7522917934208e65564797a0862e3016053fa2c1d71866747804e120b034c12,2bd60297aad227490486e346e0c30c9bf6f3070bbc66a62d41035197a0469ddc,0987cc3246cf5141787cbd818874b3cef46923b3f6944f4c23cbf90893bd8673,b99424ad2054906f8a917fefebfdc3ad91ba949873e96ba8c9750a815fa81719,416c8380a3d54c97a54bf7222b753a3db31496bc60630e6bc3bc62b63d61a6e2
core_generated_dense_nt_smart_gap_algorithm,algorithm,generated_dense_nt,smart_gap,0.03846254199743271,0.022515958175063133,0.04353266675025225,0.02602762496098876,0.022045250050723553,0.034721541684120893,0.6767005925590162,47.77584222564255,0.23164499999999988,0.168547,37.436442060671425,112132096,115294208,-2.7426460139263864,0.0508,1,c7522917934208e65564797a0862e3016053fa2c1d71866747804e120b034c12,2bd60297aad227490486e346e0c30c9bf6f3070bbc66a62d41035197a0469ddc,0987cc3246cf5141787cbd818874b3cef46923b3f6944f4c23cbf90893bd8673,,416c8380a3d54c97a54bf7222b753a3db31496bc60630e6bc3bc62b63d61a6e2
core_large_aa_gappy_algorithm,algorithm,large_aa,gappy,0.16576783312484622,0.15613595768809319,0.18270104099065065,0.2092056660912931,0.19085183274000883,0.41468195896595716,1.2620401808216444,-20.76322012592694,0.16480799999999984,0.2031409999999998,-18.870144382473253,343572480,352567296,-2.5512337933918827,0.9,1,40ebb78cd477777b7b0371359ee32cc55f9ba0fca829c6bdae65900fdb8673f0,194c195532d9bd0bdaf9768cc4b09152001c7e0ea202de207a966216c008b9ea,050cd766b3c20f181f0b641a02a8824a14402284f24de64a92530c309053cfdd,,22623d173a5a0989303771aec287a2f083bc5c093e1be28f06c3fad12e274e70
core_large_aa_gappy_execute,execute,large_aa,gappy,0.3144429996609688,0.3085799999535084,0.3204284170642495,0.3377334577962756,0.32856737496331334,0.38427900010719895,1.0740689351024464,-6.89610626299153,0.31592399999999987,0.33627600000000024,-6.0521714306106755,341704704,337592320,1.2181509342392705,,1,3935711bd046e39149ba8bef0518dfcea4fed8bddcba86ab17b9a71574093798,,,,
core_large_aa_kpi_algorithm,algorithm,large_aa,kpi,0.1584617500193417,0.15234554186463356,0.1705295001156628,0.1882037501782179,0.1751207923516631,0.2304833340458572,1.1876919834297293,-15.803085820931972,0.16155199999999992,0.18596500000000038,-13.127739090689328,345276416,338264064,2.073040782718194,0.9,1,de63437eefcfbf3c744c9df8532d9a4a4b1d6d0e23582fe6fa0d989fa2490443,38774357e402aec6cc11bf64d464360cf7f8e0a360d4db7875d9a2fb3bd5a0ea,086067f3f610e1adf1f528b3d3ef29e639d83daaf5450029afe91c8935ec2ad9,3b2907ca89de44ce0247b3f800a4b746d45f4b17c1b73b336f4c8d8d02f34cab,
core_large_aa_kpi_execute,execute,large_aa,kpi,0.40353129198774695,0.40016775019466877,0.4143813750706613,0.41339754220098257,0.4120326670818031,0.4192015416920185,1.0244497772765915,-2.3866252713323877,0.4012819999999999,0.4124509999999999,-2.7079580362273314,410632192,410042368,0.14384464778038897,,1,e9d18fec1ce3c0b7136baa67ecc2bf905752b4694e69ac7133833696c236a124,,,,
core_large_aa_kpi_gappy_algorithm,algorithm,large_aa,kpi_gappy,0.1678800410591066,0.1599992080591619,0.18076595896854997,0.38057358423247933,0.32902170810848475,0.39578970801085234,2.2669376408985293,-55.88762646317711,0.16539900000000007,0.3609460000000002,-54.17624797061057,338280448,350814208,-3.5727629366710256,0.9,1,8a5fc7b6c0d2207c3efdb022f95620f9c1b2925e5626b0c2c23f94c279c22cbd,e1c8e8eff5204464506690175a564d528f9b43dfb169290909fe4246e09e5fb1,e0af8be68a305fa49b611ec0047253e335c969b44b67511a883875c844382b28,3b2907ca89de44ce0247b3f800a4b746d45f4b17c1b73b336f4c8d8d02f34cab,22623d173a5a0989303771aec287a2f083bc5c093e1be28f06c3fad12e274e70
core_large_aa_kpi_gappy_execute,execute,large_aa,kpi_gappy,0.31546108378097415,0.31406233413144946,0.3242742922157049,0.47276924969628453,0.46400416595861316,0.4951498326845467,1.4986610837377647,-33.27377277950458,0.32125499999999985,0.4678620000000002,-31.335522012901308,341114880,352436224,-3.212309980939987,,1,3e9ac44be8a07d7dda5785909ed42b959c3bc59bd562e8ec69d2dc986485e852,,,,
core_large_aa_kpi_smart_gap_algorithm,algorithm,large_aa,kpi_smart_gap,0.16054820781573653,0.15581966703757644,0.16894133388996124,0.34458633372560143,0.3332820418290794,0.3524264171719551,2.146310683960347,-53.40842276595242,0.15973400000000026,0.3326389999999997,-51.979773868968934,344686592,359251968,-4.054362201851602,1.0,1,de63437eefcfbf3c744c9df8532d9a4a4b1d6d0e23582fe6fa0d989fa2490443,38774357e402aec6cc11bf64d464360cf7f8e0a360d4db7875d9a2fb3bd5a0ea,086067f3f610e1adf1f528b3d3ef29e639d83daaf5450029afe91c8935ec2ad9,3b2907ca89de44ce0247b3f800a4b746d45f4b17c1b73b336f4c8d8d02f34cab,22623d173a5a0989303771aec287a2f083bc5c093e1be28f06c3fad12e274e70
core_large_aa_kpi_smart_gap_execute,execute,large_aa,kpi_smart_gap,0.3955940422601998,0.39410104090347886,0.40908404206857085,0.5525993751361966,0.5368487909436226,0.5819864999502897,1.3968849782948132,-28.412144483026324,0.4377479999999998,0.551558,-20.63427599635944,407486464,412254208,-1.1565058421429186,,1,e9d18fec1ce3c0b7136baa67ecc2bf905752b4694e69ac7133833696c236a124,,,,
core_large_aa_kpic_algorithm,algorithm,large_aa,kpic,0.16446466697379947,0.15705129224807024,0.2027085842564702,0.18624920910224319,0.17381237540394068,0.20100533310323954,1.1324572780846245,-11.696448126383663,0.1714849999999999,0.18333999999999984,-6.466128504418,353648640,345554944,2.3422312834858516,0.9,1,2d0ee0addf05996b38c759b7d4e851fb8d64cdf91ec4afbd901c7ad8b6e8656e,8ee52d9a6fb12e4db4f17b5a71721007779ef9245a48c62de64219d108964c6d,103a87f13c5dafe35c33c3b010d409a6276bca014930328b6362e15c1807e231,3b2907ca89de44ce0247b3f800a4b746d45f4b17c1b73b336f4c8d8d02f34cab,
core_large_aa_kpic_execute,execute,large_aa,kpic,0.4227629587985575,0.41577712493017316,0.4303832920268178,0.45343283331021667,0.4455363326705992,0.459776374977082,1.0725462670590142,-6.763928912637063,0.43759100000000006,0.4518430000000002,-3.154192938697764,430112768,430260224,-0.03427135295686057,,1,9f7b62a5363918a5ca1e56fb49d207bfdf6a95e0c0208059f6c086fa3b475296,,,,
core_large_aa_kpic_gappy_algorithm,algorithm,large_aa,kpic_gappy,0.15978804184123874,0.15774170914664865,0.19292495911940932,0.3426227499730885,0.3302112501114607,0.45918633323162794,2.14423273497218,-53.363271454160774,0.15826300000000026,0.3354870000000001,-52.82589191235421,344850432,358465536,-3.798162621692036,0.9,1,8a5fc7b6c0d2207c3efdb022f95620f9c1b2925e5626b0c2c23f94c279c22cbd,e1c8e8eff5204464506690175a564d528f9b43dfb169290909fe4246e09e5fb1,e0af8be68a305fa49b611ec0047253e335c969b44b67511a883875c844382b28,3b2907ca89de44ce0247b3f800a4b746d45f4b17c1b73b336f4c8d8d02f34cab,22623d173a5a0989303771aec287a2f083bc5c093e1be28f06c3fad12e274e70
core_large_aa_kpic_gappy_execute,execute,large_aa,kpic_gappy,0.3160985838621855,0.3156934170983732,0.3174920827150345,0.46473291609436274,0.45865141600370407,0.4896154999732971,1.4702151158544252,-31.982742578534605,0.31801199999999996,0.47379300000000013,-32.87954866365694,343097344,348160000,-1.454117647058828,,1,3e9ac44be8a07d7dda5785909ed42b959c3bc59bd562e8ec69d2dc986485e852,,,,
core_large_aa_kpic_smart_gap_algorithm,algorithm,large_aa,kpic_smart_gap,0.1686868746764958,0.1547326659783721,0.19861045805737376,0.3296311250887811,0.31808270886540413,0.340448834002018,1.9541006122790578,-48.82556232180364,0.16922899999999985,0.325186,-47.95932174201846,346488832,350945280,-1.2698412698412653,1.0,1,2d0ee0addf05996b38c759b7d4e851fb8d64cdf91ec4afbd901c7ad8b6e8656e,8ee52d9a6fb12e4db4f17b5a71721007779ef9245a48c62de64219d108964c6d,103a87f13c5dafe35c33c3b010d409a6276bca014930328b6362e15c1807e231,3b2907ca89de44ce0247b3f800a4b746d45f4b17c1b73b336f4c8d8d02f34cab,22623d173a5a0989303771aec287a2f083bc5c093e1be28f06c3fad12e274e70
core_large_aa_kpic_smart_gap_execute,execute,large_aa,kpic_smart_gap,0.42266904190182686,0.41902404092252254,0.42984037520363927,0.57474166713655,0.5661067920736969,0.5806817496195436,1.3597912554713314,-26.459300574529763,0.418863,0.572022,-26.775019142620394,430751744,428998656,0.4086465016804208,,1,9f7b62a5363918a5ca1e56fb49d207bfdf6a95e0c0208059f6c086fa3b475296,,,,
core_large_aa_smart_gap_algorithm,algorithm,large_aa,smart_gap,0.165628541726619,0.15724695893004537,0.18030429119244218,0.18396699987351894,0.17807095777243376,0.212223291862756,1.1107203985238776,-9.96834114787326,0.1644699999999999,0.17942000000000013,-8.332404414223738,343998464,352600064,-2.4394777194368333,1.0,1,b3ad7e21b2e4e0687701792284c4dfe9067ab0f410cabfe6cd39b119c8fc659b,107c854f5cbbea4b7c0c13563f80b83989f9cf61b1e801d1488c56e2ad8de7fd,0f875c17bb9d7ddcaff340acfdb19b3a301f45dcb9499e5db7e33f5705e6f045,,22623d173a5a0989303771aec287a2f083bc5c093e1be28f06c3fad12e274e70
core_large_aa_smart_gap_execute,execute,large_aa,smart_gap,0.6137857907451689,0.6018087919801474,0.6344596669077873,0.619778208900243,0.6165606249123812,0.6366237080655992,1.0097630447713672,-0.9668649315224043,0.607224,0.61615,-1.448673212691709,582549504,584892416,-0.4005714445782793,,1,4b86e862dc2bdf540245a6da619c355e5ceeb2f139b50bae5902f3d43abb919d,,,,
core_medium_nt_gappy_algorithm,algorithm,medium_nt,gappy,0.0032448749989271164,0.0028522913344204426,0.024501333944499493,0.005457624793052673,0.0038316668942570686,0.006570916622877121,1.6819214283623187,-40.544190522996274,0.019957000000000003,0.0367369999999998,-45.676021449764235,64684032,65044480,-0.5541561712846366,0.9,1,0b5b69291f54ddfb3a735121c9291974771300672bc691361cd1fc2882c01e6a,2d902f44673fc1ec0e97eb97edc55a434c7ab04d128321077f5a98f26980d282,d5f9a689c6f47d60f588978d19a25a6bcdb5dcf2de902165334f9fa4fcb35ec0,,c9d8322de55f590eb573ff5a05a766391c858cac435c1e90368f108e9743041c
core_medium_nt_kpi_algorithm,algorithm,medium_nt,kpi,0.07233033375814557,0.06892387522384524,0.08118091616779566,0.06500862492248416,0.0575160002335906,0.07366933301091194,0.8987740211438349,11.262672982841536,0.3627640000000001,0.2704920000000002,34.112653978675844,67813376,67649536,0.2421893921046303,0.9,1,7127773e9d2ef3b64dcc6db12799b43cdc7f4ac0ec18814e92212eeec5040afe,20ba5335c1321fd38fd0ccf5b86ef12209234fb5a1ad5226eb34d5adab704890,56e6abdb7605644dda1a034988362c5b1facac98833651664b2b8fe02b39d5a0,79b44138a87bbc22a2daf6e200a7d51a5d626103dbefd10fbde5e63d598111cf,
core_medium_nt_kpi_gappy_algorithm,algorithm,medium_nt,kpi_gappy,0.07863812521100044,0.06254512490704656,0.22476845793426037,0.0727513749152422,0.06424474995583296,0.08334941696375608,0.9251412685645414,8.09160005926557,0.16796900000000003,0.4209909999999999,-60.10152236033548,68878336,68780032,0.14292520247736196,0.9,1,7ad79b6986236dc89e027587865025f50bcd3317642dccdc939030ec9f6ec436,aa8bc4fa819ad3a693bb781147ccd6418cc67ad429264aab37e152ada5beb4e6,270ea98b242183d9c2b58941dd2c9046c2b496fe8734c76560aed02738879f0d,79b44138a87bbc22a2daf6e200a7d51a5d626103dbefd10fbde5e63d598111cf,c9d8322de55f590eb573ff5a05a766391c858cac435c1e90368f108e9743041c
core_medium_nt_kpi_smart_gap_algorithm,algorithm,medium_nt,kpi_smart_gap,0.08030250016599894,0.06515704188495874,0.09251974988728762,0.08883041702210903,0.07599816704168916,0.10335391713306308,1.106197401556383,-9.600221570487033,0.47965199999999997,0.5087649999999999,-5.722288286340438,68714496,68943872,-0.332699619771859,0.8803,1,a5aed7785a5d33caeb18ee38bb3bf4773a2e83576a810051903115a531d8e240,808930fbd9445393331370eb735057471c1341e8057e4f8e8c0b04f01a314cc3,dff1b511f97de57c011f015514424371dd445951f0b9989cd5ed7d5e988d61dc,79b44138a87bbc22a2daf6e200a7d51a5d626103dbefd10fbde5e63d598111cf,c9d8322de55f590eb573ff5a05a766391c858cac435c1e90368f108e9743041c
core_medium_nt_kpic_algorithm,algorithm,medium_nt,kpic,0.09142174990847707,0.07027891697362065,0.1060766251757741,0.06661158287897706,0.055835625156760216,0.08469858299940825,0.7286185502428292,37.246025326520524,0.4083669999999999,0.17733199999999982,130.28387431484467,67747840,68485120,-1.0765550239234423,0.9,1,2001f7db0b06622683fef119956769d0b09681d177330e9086fb2ebd25ef7b9b,5dcc1b2ab82a9472db4f443a601201ee19f1355868287e26553ed4b2581b6b65,30cd342440013d2fa56bc24049913213cbeab94b0da13622c676019c7b06f565,79b44138a87bbc22a2daf6e200a7d51a5d626103dbefd10fbde5e63d598111cf,
core_medium_nt_kpic_gappy_algorithm,algorithm,medium_nt,kpic_gappy,0.06925691617652774,0.06165587482973933,0.09258774993941188,0.08069091569632292,0.06907370826229453,0.10139770898967981,1.1650954179168367,-14.170119921338586,0.3968100000000001,0.36906899999999987,7.516480658088387,68534272,68534272,0.0,0.9,1,618ebe72edc95b9ee4f8c6c3c52ebc159b6c6a4d7d6d4800508bd2d7aa862350,cbfeb0e17f853dc60c3865a186eafb9e6a98e1e400aaafd07e196bad4556bdd1,c27b02b44ce0cdac468887622d2f71c98baceacee358fedba2b8d6c312c3e1a1,79b44138a87bbc22a2daf6e200a7d51a5d626103dbefd10fbde5e63d598111cf,c9d8322de55f590eb573ff5a05a766391c858cac435c1e90368f108e9743041c
core_medium_nt_kpic_smart_gap_algorithm,algorithm,medium_nt,kpic_smart_gap,0.0784922088496387,0.07429083297029138,0.09863512543961406,0.07793516712263227,0.059902042150497437,0.09685429185628891,0.9929032226870629,0.7147501539708223,0.500232,0.4495579999999999,11.2719604589397,68272128,69222400,-1.3727810650887573,0.8803,1,a1f20747de0cb3745da4454a3717e53c27c78531987695752ffff397349063fb,64d70c06533fdce8dceb6624834a164eb4f7cb7b9e64721cd48fac61d29b4b8a,4191ec741eed237f2e2d0c09a71fe267be1c9499125fce9c7b353b7e0ba9ecd3,79b44138a87bbc22a2daf6e200a7d51a5d626103dbefd10fbde5e63d598111cf,c9d8322de55f590eb573ff5a05a766391c858cac435c1e90368f108e9743041c
core_medium_nt_smart_gap_algorithm,algorithm,medium_nt,smart_gap,0.004257709253579378,0.003470457624644041,0.006823292002081871,0.004397000186145306,0.0030311248265206814,0.0055880420841276646,1.032714993972129,-3.1678627852876895,0.016506999999999827,0.025911999999999935,-36.29592466810795,65241088,64503808,1.1430022860045685,0.8803,1,8cc16464a740f43a5e96982174dbf36f48f6a926c53943927b3bcd5412b657f7,015faca130796ec0d176868decc7c5d18887065a3e077e4a221dcb93e68e3184,813162d540f3707a432cdf688e3c9bf29d0b765f7d4227f3c4303a1b1ea602e0,,c9d8322de55f590eb573ff5a05a766391c858cac435c1e90368f108e9743041c
core_small_aa_gappy_execute,execute,small_aa,gappy,0.0035755839198827744,0.003503084182739258,0.015489290934056044,0.003670500125735998,0.003537124954164028,0.004896999802440405,1.0265456518375706,-2.5859202452469976,0.022289000000000003,0.02979200000000004,-25.184613319011905,62488576,62767104,-0.44374836857217215,,1,0fc6cbe14b32578f5b7e2ed70814ad5791d1675dede0b55d8f4c2675717528cc,,,,
core_small_aa_kpi_execute,execute,small_aa,kpi,0.003058125264942646,0.0029838751070201397,0.003119874745607376,0.003241416998207569,0.00310608372092247,0.005444541107863188,1.0599359795251424,-5.654679214870518,0.021692000000000045,0.022281999999999913,-2.6478772103037063,63324160,63078400,0.3896103896103842,,1,1ecae09de9f2327d0a1496400ec07303143102cdbc80797331258af2b73c843f,,,,
core_small_aa_kpi_gappy_execute,execute,small_aa,kpi_gappy,0.003144791815429926,0.003089125268161297,0.004646458197385073,0.003910500090569258,0.003837584052234888,0.019808874931186438,1.2434845675260229,-19.58082744930627,0.023547999999999902,0.032294000000000045,-27.08243017278792,63717376,63619072,0.1545197012619015,,1,5243fda0f7f3f8e69c04cb451a55d1dea8267c55379499ca810b2444c0e05654,,,,
core_small_aa_kpi_smart_gap_execute,execute,small_aa,kpi_smart_gap,0.003507459070533514,0.003140375018119812,0.005736709106713533,0.003959499765187502,0.003899708390235901,0.00978837488219142,1.1288798202811896,-11.416611225195549,0.02442499999999992,0.03095800000000004,-21.102784417598397,63520768,63520768,0.0,,1,157dd98898cdbc703f35e8e8b0b594ef3b5afda8a20e6512e98cfeb1a5aed0cd,,,,
core_small_aa_kpic_execute,execute,small_aa,kpic,0.0036646248772740364,0.0034084580838680267,0.007562583778053522,0.0036028753966093063,0.003368124831467867,0.007710332982242107,0.9831498495118379,1.713894427846241,0.02706300000000006,0.022903000000000118,18.163559359035574,63193088,63766528,-0.8992805755395739,,1,c467165acdd08293c5e3173caca12ded8b5a956e81b27854b85ceee2dffa4ad4,,,,
core_small_aa_kpic_gappy_execute,execute,small_aa,kpic_gappy,0.0035275002010166645,0.0033562500029802322,0.0036908332258462906,0.004403375089168549,0.0038926666602492332,0.00964654190465808,1.2482990328106707,-19.890989761611877,0.024565999999999866,0.03398900000000005,-27.723675306717375,63668224,63324160,0.5433376455368677,,1,1fd02fdd4988cddb7d46c53506ac46399e3e056a99dc18dcfbc68b64ce69fef5,,,,
core_small_aa_kpic_smart_gap_execute,execute,small_aa,kpic_smart_gap,0.0040662093088030815,0.003820125013589859,0.008217332884669304,0.004197333008050919,0.004153166897594929,0.006817040964961052,1.0322471592802571,-3.123976558360475,0.02698899999999993,0.02639900000000006,2.23493314140637,63619072,64159744,-0.8426966292134797,,1,7c8894a29d1e9f194b3d7566d6a3387e32f881fd804225202c62941601d55208,,,,
core_small_aa_smart_gap_execute,execute,small_aa,smart_gap,0.0037420419976115227,0.0037053748965263367,0.0037872078828513622,0.004830500110983849,0.004031958058476448,0.006989165674895048,1.290872767881031,-22.53303153636891,0.02323900000000001,0.03541100000000008,-34.37349975996171,63275008,62767104,0.8091882015139662,,1,1a8d116a0b82205f39097769d20b0585c89027e03f2c7d255d5f169c15a84ef8,,,,
